1400804502207,2321823,2321880,151985201000001,0,0,429.0,1716.0,1.0,0.025490198,2,434.82004,1691.4396,1.0,0.029411767,-5.820038,24.560425,0
1400804502369,2321823,2322030,151985201000001,0,0,429.0,1716.0,1.0,0.025490198,2,439.0,1620.793,1.0,0.033333335,-4.179962,70.64661,0
1400804502497,2321823,2322163,151985201000001,0,0,429.0,1716.0,1.0,0.025490198,2,439.0,1569.499,1.0,0.033333335,0.0,51.293945,0
1400804502620,2321823,2322280,151985201000001,0,0,429.0,1716.0,1.0,0.025490198,2,439.0,1534.137,1.0,0.033333335,0.0,35.36206,0
1400804502755,2321823,2322429,151985201000001,0,0,429.0,1716.0,1.0,0.025490198,2,438.1233,1500.3699,1.0,0.033333335,0.876709,33.76709,0
1400804502885,2321823,2322545,151985201000001,0,0,429.0,1716.0,1.0,0.025490198,2,438.0,1478.6938,1.0,0.033333335,0.123291016,21.676025,0
1400804503016,2321823,2322678,151985201000001,0,0,429.0,1716.0,1.0,0.025490198,2,435.0,1460.073,1.0,0.033333335,3.0,18.62085,0
1400804503139,2321823,2322811,151985201000001,0,0,429.0,1716.0,1.0,0.025490198,2,430.59268,1435.1853,1.0,0.03529412,4.407318,24.887695,0
1400804503274,2321823,2322944,151985201000001,0,0,429.0,1716.0,1.0,0.025490198,2,421.2213,1410.4426,1.0,0.03529412,9.371368,24.742676,0
1400804503400,2321823,2323060,151985201000001,0,0,429.0,1716.0,1.0,0.025490198,2,410.39468,1388.1841,1.0,0.03529412,10.82663,22.258545,0
1400804503521,2321823,2323193,151985201000001,0,0,429.0,1716.0,1.0,0.025490198,2,400.02045,1361.0409,1.0,0.037254903,10.374237,27.143188,0
1400804503647,2321823,2323310,151985201000001,0,0,429.0,1716.0,1.0,0.025490198,2,393.0,1346.1978,1.0,0.037254903,7.020447,14.84314,0
1400804503768,2321823,2323443,151985201000001,0,0,429.0,1716.0,1.0,0.025490198,2,381.64584,1302.9376,1.0,0.037254903,11.3541565,43.26013,0
1400804503888,2321823,2323559,151985201000001,0,0,429.0,1716.0,1.0,0.025490198,2,360.99686,1270.9938,1.0,0.037254903,20.648987,31.943848,0
1400804504030,2321823,2323692,151985201000001,0,0,429.0,1716.0,1.0,0.025490198,2,348.6169,1249.2338,1.0,0.04117647,12.379944,21.76001,0
1400804504154,2321823,2323825,151985201000001,0,0,429.0,1716.0,1.0,0.025490198,2,336.24875,1234.2488,1.0,0.043137256,12.368164,14.984985,0
1400804504279,2321823,2323941,151985201000001,0,0,429.0,1716.0,1.0,0.025490198,2,323.2364,1221.8242,1.0,0.04117647,13.01236,12.424561,0
1400804504396,2321823,2324058,151985201000001,0,0,429.0,1716.0,1.0,0.025490198,2,287.3758,1185.1879,1.0,0.04117647,35.860596,36.636353,0
1400804504509,2321823,2324118,151985201000001,0,0,429.0,1716.0,1.0,0.025490198,2,246.0,1171.0,1.0,0.03529412,41.375793,14.187866,0
1400804522088,2341694,2341762,151985201000001,1,0,342.0,1667.0,1.0,0.021568628,2,344.0,1641.5814,1.0,0.027450982,-2.0,25.41858,0
1400804522232,2341694,2341895,151985201000001,1,0,342.0,1667.0,1.0,0.021568628,2,337.30658,1543.9198,1.0,0.03137255,6.6934204,97.66162,0
1400804522356,2341694,2342028,151985201000001,1,0,342.0,1667.0,1.0,0.021568628,2,321.0,1480.7137,1.0,0.03137255,16.30658,63.206055,0
1400804522484,2341694,2342143,151985201000001,1,0,342.0,1667.0,1.0,0.021568628,2,312.0,1441.9769,1.0,0.03137255,9.0,38.736816,0
1400804522602,2341694,2342276,151985201000001,1,0,342.0,1667.0,1.0,0.021568628,2,312.0,1409.1536,1.0,0.03137255,0.0,32.823364,0
1400804522717,2341694,2342392,151985201000001,1,0,342.0,1667.0,1.0,0.021568628,2,310.0,1377.0,1.0,0.03137255,2.0,32.153564,0
1400804522835,2341694,2342508,151985201000001,1,0,342.0,1667.0,1.0,0.021568628,2,302.6364,1346.9092,1.0,0.033333335,7.3635864,30.09082,0
1400804522949,2341694,2342608,151985201000001,1,0,342.0,1667.0,1.0,0.021568628,2,293.35648,1311.7823,1.0,0.03137255,9.279938,35.12683,0
1400804523066,2341694,2342741,151985201000001,1,0,342.0,1667.0,1.0,0.021568628,2,280.97968,1263.9391,1.0,0.033333335,12.376801,47.84326,0
1400804523182,2341694,2342857,151985201000001,1,0,342.0,1667.0,1.0,0.021568628,2,270.14795,1232.4438,1.0,0.03529412,10.831726,31.49524,0
1400804523310,2341694,2342974,151985201000001,1,0,342.0,1667.0,1.0,0.021568628,2,256.3228,1205.6456,1.0,0.03529412,13.825134,26.798218,0
1400804523430,2341694,2343090,151985201000001,1,0,342.0,1667.0,1.0,0.021568628,2,245.493,1194.493,1.0,0.03529412,10.829819,11.152588,0
1400804523553,2341694,2343223,151985201000001,1,0,342.0,1667.0,1.0,0.021568628,2,233.12044,1182.1205,1.0,0.033333335,12.372559,12.372559,0
1400804523656,2341694,2343300,151985201000001,1,0,342.0,1667.0,1.0,0.021568628,2,198.0,1173.0,1.0,0.03137255,35.120438,9.120483,0
1400804524335,2343861,2344005,151985201000001,2,0,340.0,1660.0,1.0,0.021568628,2,339.62686,1624.3881,1.0,0.027450982,0.37313843,35.61194,0
1400804524461,2343861,2344121,151985201000001,2,0,340.0,1660.0,1.0,0.021568628,2,323.79953,1568.9977,1.0,0.029411767,15.827332,55.39038,0
1400804524607,2343861,2344270,151985201000001,2,0,340.0,1660.0,1.0,0.021568628,2,309.92307,1518.8462,1.0,0.03137255,13.876465,50.15149,0
1400804524734,2343861,2344403,151985201000001,2,0,340.0,1660.0,1.0,0.021568628,2,306.0,1502.0964,1.0,0.029411767,3.9230652,16.749756,0
1400804524854,2343861,2344520,151985201000001,2,0,340.0,1660.0,1.0,0.021568628,2,302.0,1484.4409,1.0,0.03137255,4.0,17.655518,0
1400804524971,2343861,2344636,151985201000001,2,0,340.0,1660.0,1.0,0.021568628,2,297.0,1459.8995,1.0,0.029411767,5.0,24.541382,0
1400804525092,2343861,2344752,151985201000001,2,0,340.0,1660.0,1.0,0.021568628,2,296.0,1449.0709,1.0,0.03137255,1.0,10.828613,0
1400804525219,2343861,2344885,151985201000001,2,0,340.0,1660.0,1.0,0.021568628,2,291.0,1438.7024,1.0,0.03137255,5.0,10.36853,0
1400804525340,2343861,2345002,151985201000001,2,0,340.0,1660.0,1.0,0.021568628,2,282.8668,1424.7336,1.0,0.03137255,8.133209,13.96875,0
1400804525458,2343861,2345118,151985201000001,2,0,340.0,1660.0,1.0,0.021568628,2,277.03616,1412.0361,1.0,0.03137255,5.8306274,12.69751,0
1400804525575,2343861,2345234,151985201000001,2,0,340.0,1660.0,1.0,0.021568628,2,272.21347,1401.2135,1.0,0.033333335,4.822693,10.822632,0
1400804525691,2343861,2345351,151985201000001,2,0,340.0,1660.0,1.0,0.021568628,2,267.0,1390.3905,1.0,0.033333335,5.2134705,10.822998,0
1400804525809,2343861,2345419,151985201000001,2,0,340.0,1660.0,1.0,0.021568628,2,260.0,1387.0,1.0,0.029411767,7.0,3.390503,0
1400804543268,2362764,2362937,151985201000001,3,0,449.0,1673.0,1.0,0.021568628,2,439.83664,1649.6733,1.0,0.029411767,9.163361,23.32666,0
1400804543292,2362764,2362953,151985201000001,3,0,449.0,1673.0,1.0,0.021568628,2,438.2913,1646.5826,1.0,0.03137255,1.5453491,3.0906982,0
1400804543428,2362764,2363103,151985201000001,3,0,449.0,1673.0,1.0,0.021568628,2,427.93298,1606.799,1.0,0.03137255,10.358307,39.78369,0
1400804543549,2362764,2363220,151985201000001,3,0,449.0,1673.0,1.0,0.021568628,2,419.12143,1583.1215,1.0,0.03137255,8.811554,23.67749,0
1400804543667,2362764,2363336,151985201000001,3,0,449.0,1673.0,1.0,0.021568628,2,409.2989,1565.5978,1.0,0.03137255,9.82254,17.523682,0
1400804543789,2362764,2363452,151985201000001,3,0,449.0,1673.0,1.0,0.021568628,2,405.0,1549.4711,1.0,0.033333335,4.298889,16.126709,0
1400804543915,2362764,2363585,151985201000001,3,0,449.0,1673.0,1.0,0.021568628,2,405.0,1525.2039,1.0,0.033333335,0.0,24.267212,0
1400804544044,2362764,2363718,151985201000001,3,0,449.0,1673.0,1.0,0.021568628,2,405.0,1491.1666,1.0,0.03529412,0.0,34.03723,0
1400804544180,2362764,2363851,151985201000001,3,0,449.0,1673.0,1.0,0.021568628,2,394.3553,1459.0658,1.0,0.033333335,10.644714,32.10083,0
1400804544308,2362764,2363968,151985201000001,3,0,449.0,1673.0,1.0,0.021568628,2,384.53064,1436.0613,1.0,0.03529412,9.824646,23.004517,0
1400804544456,2362764,2364117,151985201000001,3,0,449.0,1673.0,1.0,0.021568628,2,382.0,1402.8156,1.0,0.03529412,2.5306396,33.245728,0
1400804544593,2362764,2364267,151985201000001,3,0,449.0,1673.0,1.0,0.021568628,2,380.0,1355.37,1.0,0.03529412,2.0,47.445557,0
1400804544725,2362764,2364400,151985201000001,3,0,449.0,1673.0,1.0,0.021568628,2,380.0,1337.3125,1.0,0.03529412,0.0,18.057495,0
1400804544858,2362764,2364533,151985201000001,3,0,449.0,1673.0,1.0,0.021568628,2,380.0,1319.9443,1.0,0.03529412,0.0,17.368164,0
1400804544991,2362764,2364666,151985201000001,3,0,449.0,1673.0,1.0,0.021568628,2,380.0,1303.569,1.0,0.03529412,0.0,16.375366,0
1400804545134,2362764,2364799,151985201000001,3,0,449.0,1673.0,1.0,0.021568628,2,381.0,1278.3765,1.0,0.03529412,-1.0,25.192505,0
1400804545280,2362764,2364948,151985201000001,3,0,449.0,1673.0,1.0,0.021568628,2,381.0,1250.5264,1.0,0.033333335,0.0,27.850098,0
1400804545410,2362764,2365081,151985201000001,3,0,449.0,1673.0,1.0,0.021568628,2,374.0,1234.8975,1.0,0.03529412,7.0,15.628906,0
1400804545541,2362764,2365214,151985201000001,3,0,449.0,1673.0,1.0,0.021568628,2,367.52988,1216.0598,1.0,0.03529412,6.4701233,18.837646,0
1400804545668,2362764,2365331,151985201000001,3,0,449.0,1673.0,1.0,0.021568628,2,360.0,1196.4103,1.0,0.03529412,7.5298767,19.649536,0
1400804545804,2362764,2365464,151985201000001,3,0,449.0,1673.0,1.0,0.021568628,2,355.0,1169.6366,1.0,0.03529412,5.0,26.773682,0
1400804545928,2362764,2365597,151985201000001,3,0,449.0,1673.0,1.0,0.021568628,2,351.0,1144.9501,1.0,0.03529412,4.0,24.686523,0
1400804546064,2362764,2365730,151985201000001,3,0,449.0,1673.0,1.0,0.021568628,2,346.0,1132.5737,1.0,0.03529412,5.0,12.376343,0
1400804546191,2362764,2365863,151985201000001,3,0,449.0,1673.0,1.0,0.021568628,2,343.0,1120.1963,1.0,0.03529412,3.0,12.377441,0
1400804546331,2362764,2365995,151985201000001,3,0,449.0,1673.0,1.0,0.021568628,2,333.0,1104.6459,1.0,0.03529412,10.0,15.550415,0
1400804546457,2362764,2366128,151985201000001,3,0,449.0,1673.0,1.0,0.021568628,2,329.4483,1083.4484,1.0,0.03529412,3.5516968,21.19751,0
1400804546587,2362764,2366261,151985201000001,3,0,449.0,1673.0,1.0,0.021568628,2,327.0,1068.076,1.0,0.03529412,2.4483032,15.372314,0
1400804546723,2362764,2366394,151985201000001,3,0,449.0,1673.0,1.0,0.021568628,2,316.70178,1047.4036,1.0,0.03529412,10.298218,20.672485,0
1400804546853,2362764,2366527,151985201000001,3,0,449.0,1673.0,1.0,0.021568628,2,304.32672,1024.3267,1.0,0.033333335,12.375061,23.076904,0
1400804546992,2362764,2366660,151985201000001,3,0,449.0,1673.0,1.0,0.021568628,2,299.0,1006.95306,1.0,0.03529412,5.326721,17.373596,0
1400804547112,2362764,2366777,151985201000001,3,0,449.0,1673.0,1.0,0.021568628,2,295.0,996.1255,1.0,0.033333335,4.0,10.827576,0
1400804547244,2362764,2366910,151985201000001,3,0,449.0,1673.0,1.0,0.021568628,2,285.826,991.174,1.0,0.029411767,9.174011,4.951477,0
1400804576772,2396255,2396446,151985201000001,4,0,410.0,1643.0,1.0,0.023529414,2,407.0,1617.5,1.0,0.029411767,3.0,25.5,0
1400804576789,2396255,2396464,151985201000001,4,0,410.0,1643.0,1.0,0.023529414,2,406.0,1613.4159,1.0,0.029411767,1.0,4.0841064,0
1400804576937,2396255,2396597,151985201000001,4,0,410.0,1643.0,1.0,0.023529414,2,405.0,1577.0745,1.0,0.029411767,1.0,36.34143,0
1400804577071,2396255,2396730,151985201000001,4,0,410.0,1643.0,1.0,0.023529414,2,403.0,1549.3132,1.0,0.03137255,2.0,27.76123,0
1400804577201,2396255,2396863,151985201000001,4,0,410.0,1643.0,1.0,0.023529414,2,397.7711,1531.7711,1.0,0.03137255,5.2289124,17.542114,0
1400804577328,2396255,2396996,151985201000001,4,0,410.0,1643.0,1.0,0.023529414,2,390.39923,1514.3992,1.0,0.03137255,7.3718567,17.371948,0
1400804577457,2396255,2397129,151985201000001,4,0,410.0,1643.0,1.0,0.023529414,2,386.0,1499.0282,1.0,0.033333335,4.399231,15.370972,0
1400804577592,2396255,2397262,151985201000001,4,0,410.0,1643.0,1.0,0.023529414,2,380.0,1485.6947,1.0,0.033333335,6.0,13.333496,0
1400804577737,2396255,2397411,151985201000001,4,0,410.0,1643.0,1.0,0.023529414,2,375.0,1471.7708,1.0,0.033333335,5.0,13.92395,0
1400804577872,2396255,2397544,151985201000001,4,0,410.0,1643.0,1.0,0.023529414,2,374.0,1457.3983,1.0,0.033333335,1.0,14.372437,0
1400804578012,2396255,2397677,151985201000001,4,0,410.0,1643.0,1.0,0.023529414,2,374.0,1442.0251,1.0,0.033333335,0.0,15.373169,0
1400804578145,2396255,2397810,151985201000001,4,0,410.0,1643.0,1.0,0.023529414,2,373.0,1426.6606,1.0,0.033333335,1.0,15.364502,0
1400804578289,2396255,2397960,151985201000001,4,0,410.0,1643.0,1.0,0.023529414,2,373.0,1409.7332,1.0,0.033333335,0.0,16.92749,0
1400804578421,2396255,2398093,151985201000001,4,0,410.0,1643.0,1.0,0.023529414,2,371.36142,1387.7228,1.0,0.033333335,1.6385803,22.010376,0
1400804578553,2396255,2398226,151985201000001,4,0,410.0,1643.0,1.0,0.023529414,2,368.98547,1368.9855,1.0,0.033333335,2.375946,18.737305,0
1400804578698,2396255,2398359,151985201000001,4,0,410.0,1643.0,1.0,0.023529414,2,365.0,1354.6134,1.0,0.033333335,3.9854736,14.37207,0
1400804578831,2396255,2398491,151985201000001,4,0,410.0,1643.0,1.0,0.023529414,2,362.25122,1341.2512,1.0,0.033333335,2.7487793,13.362183,0
1400804578977,2396255,2398641,151985201000001,4,0,410.0,1643.0,1.0,0.023529414,2,358.0,1327.3218,1.0,0.033333335,4.2512207,13.929443,0
1400804579112,2396255,2398774,151985201000001,4,0,410.0,1643.0,1.0,0.023529414,2,356.0,1314.9429,1.0,0.033333335,2.0,12.378906,0
1400804579245,2396255,2398907,151985201000001,4,0,410.0,1643.0,1.0,0.023529414,2,350.0,1300.5693,1.0,0.03529412,6.0,14.373535,0
1400804579380,2396255,2399040,151985201000001,4,0,410.0,1643.0,1.0,0.023529414,2,346.0,1288.196,1.0,0.03529412,4.0,12.373291,0
1400804579521,2396255,2399190,151985201000001,4,0,410.0,1643.0,1.0,0.023529414,2,341.0,1274.2765,1.0,0.03529412,5.0,13.919556,0
1400804579657,2396255,2399323,151985201000001,4,0,410.0,1643.0,1.0,0.023529414,2,337.90024,1261.9003,1.0,0.03529412,3.099762,12.376221,0
1400804579792,2396255,2399456,151985201000001,4,0,410.0,1643.0,1.0,0.023529414,2,332.2573,1250.2573,1.0,0.03529412,5.6429443,11.642944,0
1400804579924,2396255,2399589,151985201000001,4,0,410.0,1643.0,1.0,0.023529414,2,326.0,1239.0742,1.0,0.03529412,6.2572937,11.183105,0
1400804580062,2396255,2399722,151985201000001,4,0,410.0,1643.0,1.0,0.023529414,2,318.0,1229.7753,1.0,0.03529412,8.0,9.29895,0
1400804580207,2396255,2399871,151985201000001,4,0,410.0,1643.0,1.0,0.023529414,2,310.8577,1220.8577,1.0,0.03529412,7.1423035,8.917603,0
1400804580343,2396255,2400004,151985201000001,4,0,410.0,1643.0,1.0,0.023529414,2,304.0,1210.4817,1.0,0.03529412,6.8576965,10.375977,0
1400804580493,2396255,2400154,151985201000001,4,0,410.0,1643.0,1.0,0.023529414,2,298.0,1198.5629,1.0,0.03529412,6.0,11.918823,0
1400804580640,2396255,2400303,151985201000001,4,0,410.0,1643.0,1.0,0.023529414,2,288.63977,1185.6398,1.0,0.03529412,9.3602295,12.923096,0
1400804580780,2396255,2400434,151985201000001,4,0,410.0,1643.0,1.0,0.023529414,2,282.0,1173.5,1.0,0.03529412,6.6397705,12.1397705,0
1400804580891,2396255,2400546,151985201000001,4,0,410.0,1643.0,1.0,0.023529414,2,266.0,1178.0,1.0,0.03529412,16.0,-4.5,0
1400804617199,2436805,2436871,151985201000001,5,0,143.0,1698.0,1.0,0.025490198,2,157.13028,1670.9138,1.0,0.027450982,-14.13028,27.086182,0
1400804617359,2436805,2437021,151985201000001,5,0,143.0,1698.0,1.0,0.025490198,2,152.94992,1534.8998,1.0,0.03137255,4.180359,136.01404,0
1400804617498,2436805,2437100,151985201000001,5,0,143.0,1698.0,1.0,0.025490198,2,94.0,1499.0,1.0,0.03137255,58.94992,35.89978,0
1400804673961,2493528,2493634,151985202000001,6,0,301.0,1633.0,1.0,0.021568628,2,318.0,1615.5,1.0,0.03137255,-17.0,17.5,0
1400804673978,2493528,2493652,151985202000001,6,0,301.0,1633.0,1.0,0.021568628,2,321.06766,1608.8647,1.0,0.03137255,-3.0676575,6.635254,0
1400804674132,2493528,2493802,151985202000001,6,0,301.0,1633.0,1.0,0.021568628,2,343.9691,1549.1237,1.0,0.033333335,-22.901428,59.74109,0
1400804674257,2493528,2493919,151985202000001,6,0,301.0,1633.0,1.0,0.021568628,2,349.0,1494.0446,1.0,0.033333335,-5.0309143,55.0791,0
1400804674385,2493528,2494052,151985202000001,6,0,301.0,1633.0,1.0,0.021568628,2,341.83267,1443.1635,1.0,0.03529412,7.167328,50.881104,0
1400804674531,2493528,2494201,151985202000001,6,0,301.0,1633.0,1.0,0.021568628,2,327.9104,1378.7312,1.0,0.03529412,13.922272,64.43225,0
1400804674664,2493528,2494334,151985202000001,6,0,301.0,1633.0,1.0,0.021568628,2,314.54584,1339.6376,1.0,0.03529412,13.364563,39.093628,0
1400804674812,2493528,2494484,151985202000001,6,0,301.0,1633.0,1.0,0.021568628,2,300.6279,1307.2559,1.0,0.03529412,13.917938,32.381714,0
1400804674939,2493528,2494600,151985202000001,6,0,301.0,1633.0,1.0,0.021568628,2,295.80508,1283.4153,1.0,0.03529412,4.822815,23.840576,0
1400804675083,2493528,2494750,151985202000001,6,0,301.0,1633.0,1.0,0.021568628,2,278.8833,1217.5332,1.0,0.03529412,16.921783,65.88208,0
1400804675224,2493528,2494883,151985202000001,6,0,301.0,1633.0,1.0,0.021568628,2,272.0,1174.4005,1.0,0.03529412,6.883301,43.13269,0
1400804675366,2493528,2495033,151985202000001,6,0,301.0,1633.0,1.0,0.021568628,2,269.57953,1138.159,1.0,0.03529412,2.4204712,36.241455,0
1400804675527,2493528,2495199,151985202000001,6,0,301.0,1633.0,1.0,0.021568628,2,247.06824,1094.2047,1.0,0.033333335,22.511292,43.954346,0
1400804675663,2493528,2495332,151985202000001,6,0,301.0,1633.0,1.0,0.021568628,2,236.0,1065.157,1.0,0.033333335,11.068237,29.04773,0
1400804675786,2493528,2495448,151985202000001,6,0,301.0,1633.0,1.0,0.021568628,2,230.86969,1048.7394,1.0,0.03529412,5.13031,16.417603,0
1400804675916,2493528,2495581,151985202000001,6,0,301.0,1633.0,1.0,0.021568628,2,227.0,1028.4965,1.0,0.037254903,3.86969,20.24292,0
1400804676054,2493528,2495714,151985202000001,6,0,301.0,1633.0,1.0,0.021568628,2,218.12111,1016.1211,1.0,0.037254903,8.878891,12.375366,0
1400804676177,2493528,2495847,151985202000001,6,0,301.0,1633.0,1.0,0.021568628,2,210.74684,1008.0,1.0,0.037254903,7.3742676,8.121094,0
1400804676317,2493528,2495920,151985202000001,6,0,301.0,1633.0,1.0,0.021568628,2,198.0,1014.0,1.0,0.03137255,12.746841,-6.0,0
1400804677223,2496719,2496895,151985202000001,7,0,359.0,1628.0,1.0,0.021568628,2,360.0,1603.3893,1.0,0.029411767,-1.0,24.610718,0
1400804677337,2496719,2497011,151985202000001,7,0,359.0,1628.0,1.0,0.021568628,2,360.0,1587.375,1.0,0.03137255,0.0,16.014282,0
1400804677461,2496719,2497127,151985202000001,7,0,359.0,1628.0,1.0,0.021568628,2,360.0,1576.5491,1.0,0.03137255,0.0,10.825928,0
1400804677597,2496719,2497260,151985202000001,7,0,359.0,1628.0,1.0,0.021568628,2,359.0,1564.1733,1.0,0.03137255,1.0,12.375732,0
1400804677720,2496719,2497393,151985202000001,7,0,359.0,1628.0,1.0,0.021568628,2,356.0,1551.7898,1.0,0.03137255,3.0,12.383545,0
1400804677856,2496719,2497526,151985202000001,7,0,359.0,1628.0,1.0,0.021568628,2,354.0,1527.8319,1.0,0.03137255,2.0,23.957886,0
1400804677969,2496719,2497643,151985202000001,7,0,359.0,1628.0,1.0,0.021568628,2,350.0,1514.5964,1.0,0.03137255,4.0,13.235474,0
1400804678084,2496719,2497759,151985202000001,7,0,359.0,1628.0,1.0,0.021568628,2,349.0,1503.7668,1.0,0.03137255,1.0,10.82959,0
1400804678216,2496719,2497875,151985202000001,7,0,359.0,1628.0,1.0,0.021568628,2,347.0,1492.9756,1.0,0.03137255,2.0,10.79126,0
1400804678331,2496719,2497991,151985202000001,7,0,359.0,1628.0,1.0,0.021568628,2,345.0,1482.1478,1.0,0.03137255,2.0,10.827759,0
1400804678459,2496719,2498124,151985202000001,7,0,359.0,1628.0,1.0,0.021568628,2,345.0,1469.7711,1.0,0.03137255,0.0,12.376709,0
1400804678580,2496719,2498241,151985202000001,7,0,359.0,1628.0,1.0,0.021568628,2,345.0,1458.9401,1.0,0.03137255,0.0,10.831055,0
1400804678691,2496719,2498357,151985202000001,7,0,359.0,1628.0,1.0,0.021568628,2,343.11108,1448.1111,1.0,0.03137255,1.888916,10.8289795,0
1400804678818,2496719,2498490,151985202000001,7,0,359.0,1628.0,1.0,0.021568628,2,339.0,1435.7286,1.0,0.033333335,4.111084,12.382446,0
1400804678936,2496719,2498607,151985202000001,7,0,359.0,1628.0,1.0,0.021568628,2,337.0,1424.9012,1.0,0.03137255,2.0,10.827393,0
1400804679061,2496719,2498723,151985202000001,7,0,359.0,1628.0,1.0,0.021568628,2,335.0,1414.095,1.0,0.03137255,2.0,10.806274,0
1400804679175,2496719,2498839,151985202000001,7,0,359.0,1628.0,1.0,0.021568628,2,332.0,1404.2408,1.0,0.03137255,3.0,9.854126,0
1400804679288,2496719,2498956,151985202000001,7,0,359.0,1628.0,1.0,0.021568628,2,327.0,1393.4103,1.0,0.033333335,5.0,10.830566,0
1400804679416,2496719,2499089,151985202000001,7,0,359.0,1628.0,1.0,0.021568628,2,322.0,1386.0,1.0,0.033333335,5.0,7.4102783,0
1400804679529,2496719,2499189,151985202000001,7,0,359.0,1628.0,1.0,0.021568628,2,318.0,1382.0,1.0,0.033333335,4.0,4.0,0
1400804679653,2496719,2499291,151985202000001,7,0,359.0,1628.0,1.0,0.021568628,2,315.63077,1381.0,1.0,0.033333335,2.3692322,1.0,0
1400804679767,2496719,2499438,151985202000001,7,0,359.0,1628.0,1.0,0.021568628,2,312.27444,1378.0,1.0,0.033333335,3.3563232,3.0,0
1400804679893,2496719,2499551,151985202000001,7,0,359.0,1628.0,1.0,0.021568628,2,296.0,1380.0,1.0,0.03137255,16.274445,-2.0,0
1400804722432,2541915,2542107,151985202000001,8,0,331.0,1615.0,1.0,0.019607844,2,348.9599,1597.0602,1.0,0.027450982,-17.9599,17.93982,0
1400804722448,2541915,2542119,151985202000001,8,0,331.0,1615.0,1.0,0.019607844,2,352.0,1594.0,1.0,0.027450982,-3.0401,3.0601807,0
1400804722612,2541915,2542273,151985202000001,8,0,331.0,1615.0,1.0,0.019607844,2,367.74826,1556.007,1.0,0.029411767,-15.7482605,37.993042,0
1400804722725,2541915,2542389,151985202000001,8,0,331.0,1615.0,1.0,0.019607844,2,375.0,1521.884,1.0,0.03137255,-7.2517395,34.122925,0
1400804722838,2541915,2542506,151985202000001,8,0,331.0,1615.0,1.0,0.019607844,2,377.0,1499.2311,1.0,0.03137255,-2.0,22.652954,0
1400804722950,2541915,2542622,151985202000001,8,0,331.0,1615.0,1.0,0.019607844,2,377.0,1475.5851,1.0,0.03137255,0.0,23.645996,0
1400804723065,2541915,2542739,151985202000001,8,0,331.0,1615.0,1.0,0.019607844,2,377.0,1452.9364,1.0,0.03137255,0.0,22.648682,0
1400804723180,2541915,2542855,151985202000001,8,0,331.0,1615.0,1.0,0.019607844,2,372.0,1429.4281,1.0,0.03137255,5.0,23.5083,0
1400804723295,2541915,2542955,151985202000001,8,0,331.0,1615.0,1.0,0.019607844,2,362.86813,1400.6045,1.0,0.03137255,9.131866,28.823608,0
1400804723408,2541915,2543071,151985202000001,8,0,331.0,1615.0,1.0,0.019607844,2,351.07297,1367.2189,1.0,0.03137255,11.795166,33.38562,0
1400804723519,2541915,2543187,151985202000001,8,0,331.0,1615.0,1.0,0.019607844,2,340.24585,1336.4917,1.0,0.03137255,10.827118,30.727173,0
1400804723639,2541915,2543303,151985202000001,8,0,331.0,1615.0,1.0,0.019607844,2,329.42014,1311.2604,1.0,0.033333335,10.825714,25.231323,0
1400804723754,2541915,2543420,151985202000001,8,0,331.0,1615.0,1.0,0.019607844,2,316.1854,1273.3707,1.0,0.03137255,13.234741,37.88965,0
1400804723869,2541915,2543536,151985202000001,8,0,331.0,1615.0,1.0,0.019607844,2,301.5488,1227.872,1.0,0.03137255,14.636597,45.49878,0
1400804723979,2541915,2543652,151985202000001,8,0,331.0,1615.0,1.0,0.019607844,2,280.88608,1181.8291,1.0,0.033333335,20.66272,46.042847,0
1400804724096,2541915,2543769,151985202000001,8,0,331.0,1615.0,1.0,0.019607844,2,255.23424,1145.3513,1.0,0.033333335,25.65184,36.477783,0
1400804724211,2541915,2543867,151985202000001,8,0,331.0,1615.0,1.0,0.019607844,2,210.0,1117.0,1.0,0.03137255,45.234238,28.351318,0
1400804733086,2552592,2552761,151985202000001,9,0,323.0,1690.0,1.0,0.019607844,2,338.5293,1659.6768,1.0,0.025490198,-15.529297,30.323242,0
1400804733226,2552592,2552894,151985202000001,9,0,323.0,1690.0,1.0,0.019607844,2,347.0,1589.7771,1.0,0.027450982,-8.470703,69.89966,0
1400804733330,2552592,2552994,151985202000001,9,0,323.0,1690.0,1.0,0.019607844,2,337.1796,1534.5388,1.0,0.027450982,9.820404,55.23828,0
1400804733433,2552592,2553094,151985202000001,9,0,323.0,1690.0,1.0,0.019607844,2,327.80646,1487.0323,1.0,0.03137255,9.373138,47.50647,0
1400804733532,2552592,2553193,151985202000001,9,0,323.0,1690.0,1.0,0.019607844,2,318.53305,1447.5991,1.0,0.029411767,9.273407,39.433228,0
1400804733641,2552592,2553310,151985202000001,9,0,323.0,1690.0,1.0,0.019607844,2,310.70615,1406.1184,1.0,0.03137255,7.8269043,41.480713,0
1400804733741,2552592,2553409,151985202000001,9,0,323.0,1690.0,1.0,0.019607844,2,302.43192,1380.8639,1.0,0.03137255,8.274231,25.254517,0
1400804733834,2552592,2553509,151985202000001,9,0,323.0,1690.0,1.0,0.019607844,2,293.145,1353.58,1.0,0.03137255,9.286926,27.283936,0
1400804733930,2552592,2553592,151985202000001,9,0,323.0,1690.0,1.0,0.019607844,2,286.42538,1327.2761,1.0,0.03137255,6.7196045,26.303833,0
1400804734046,2552592,2553709,151985202000001,9,0,323.0,1690.0,1.0,0.019607844,2,267.25717,1286.143,1.0,0.03137255,19.168213,41.13318,0
1400804734141,2552592,2553808,151985202000001,9,0,323.0,1690.0,1.0,0.019607844,2,248.62903,1246.9436,1.0,0.03137255,18.628143,39.19934,0
1400804734233,2552592,2553908,151985202000001,9,0,323.0,1690.0,1.0,0.019607844,2,232.0369,1215.1107,1.0,0.03137255,16.592133,31.832886,0
1400804734325,2552592,2553991,151985202000001,9,0,323.0,1690.0,1.0,0.019607844,2,219.62411,1195.6241,1.0,0.03137255,12.412781,19.486572,0
1400804734419,2552592,2554091,151985202000001,9,0,323.0,1690.0,1.0,0.019607844,2,202.04367,1177.0437,1.0,0.033333335,17.580444,18.580444,0
1400804734506,2552592,2554174,151985202000001,9,0,323.0,1690.0,1.0,0.019607844,2,184.88243,1161.5883,1.0,0.03137255,17.16124,15.455444,0
1400804734594,2552592,2554257,151985202000001,9,0,323.0,1690.0,1.0,0.019607844,2,159.19989,1152.5499,1.0,0.027450982,25.68254,9.03833,0
1400804734682,2552592,2554274,151985202000001,9,0,323.0,1690.0,1.0,0.019607844,2,155.0,1152.0,1.0,0.027450982,4.19989,0.54992676,0
1400804735413,2554997,2555088,151985202000001,10,0,290.0,1555.0,1.0,0.019607844,2,293.0,1530.6531,1.0,0.027450982,-3.0,24.346924,0
1400804735430,2554997,2555105,151985202000001,10,0,290.0,1555.0,1.0,0.019607844,2,293.0,1521.3038,1.0,0.027450982,0.0,9.349243,0
1400804735526,2554997,2555188,151985202000001,10,0,290.0,1555.0,1.0,0.019607844,2,273.39288,1453.5834,1.0,0.027450982,19.607117,67.72046,0
1400804735617,2554997,2555288,151985202000001,10,0,290.0,1555.0,1.0,0.019607844,2,250.03235,1395.0647,1.0,0.029411767,23.360535,58.518677,0
1400804735706,2554997,2555371,151985202000001,10,0,290.0,1555.0,1.0,0.019607844,2,239.78702,1372.574,1.0,0.029411767,10.245331,22.490723,0
1400804735791,2554997,2555454,151985202000001,10,0,290.0,1555.0,1.0,0.019607844,2,232.04971,1356.0994,1.0,0.027450982,7.7373047,16.47461,0
1400804735878,2554997,2555537,151985202000001,10,0,290.0,1555.0,1.0,0.019607844,2,227.5115,1341.0231,1.0,0.029411767,4.538208,15.076294,0
1400804735970,2554997,2555637,151985202000001,10,0,290.0,1555.0,1.0,0.019607844,2,222.04297,1321.0859,1.0,0.029411767,5.4685364,19.937134,0
1400804736054,2554997,2555720,151985202000001,10,0,290.0,1555.0,1.0,0.019607844,2,215.3092,1303.9276,1.0,0.03137255,6.7337646,17.158325,0
1400804736142,2554997,2555803,151985202000001,10,0,290.0,1555.0,1.0,0.019607844,2,207.57242,1280.7173,1.0,0.03137255,7.736786,23.210327,0
1400804736231,2554997,2555903,151985202000001,10,0,290.0,1555.0,1.0,0.019607844,2,194.58368,1251.1674,1.0,0.03137255,12.988739,29.549927,0
1400804736320,2554997,2555986,151985202000001,10,0,290.0,1555.0,1.0,0.019607844,2,185.55725,1226.229,1.0,0.029411767,9.026428,24.938354,0
1400804736408,2554997,2556069,151985202000001,10,0,290.0,1555.0,1.0,0.019607844,2,177.82721,1193.3088,1.0,0.029411767,7.7300415,32.920166,0
1400804736500,2554997,2556169,151985202000001,10,0,290.0,1555.0,1.0,0.019607844,2,169.0,1155.6512,1.0,0.029411767,8.827209,37.657593,0
1400804736596,2554997,2556268,151985202000001,10,0,290.0,1555.0,1.0,0.019607844,2,163.26732,1132.5347,1.0,0.03137255,5.7326813,23.116577,0
1400804736691,2554997,2556351,151985202000001,10,0,290.0,1555.0,1.0,0.019607844,2,158.0,1115.606,1.0,0.029411767,5.2673187,16.92871,0
1400804736797,2554997,2556468,151985202000001,10,0,290.0,1555.0,1.0,0.019607844,2,148.10638,1094.2128,1.0,0.03137255,9.893616,21.393188,0
1400804736891,2554997,2556551,151985202000001,10,0,290.0,1555.0,1.0,0.019607844,2,134.94026,1083.9701,1.0,0.03137255,13.166122,10.242676,0
1400804736969,2554997,2556604,151985202000001,10,0,290.0,1555.0,1.0,0.019607844,2,121.0,1083.0,1.0,0.029411767,13.940262,0.9700928,0
1400804750375,2569891,2570047,151985202000001,11,0,335.0,1599.0,1.0,0.021568628,2,337.0,1568.4891,1.0,0.025490198,-2.0,30.510864,0
1400804750489,2569891,2570164,151985202000001,11,0,335.0,1599.0,1.0,0.021568628,2,333.15735,1523.472,1.0,0.027450982,3.8426514,45.01709,0
1400804750587,2569891,2570247,151985202000001,11,0,335.0,1599.0,1.0,0.021568628,2,325.45364,1501.361,1.0,0.027450982,7.703705,22.111084,0
1400804750679,2569891,2570347,151985202000001,11,0,335.0,1599.0,1.0,0.021568628,2,316.15955,1470.4786,1.0,0.027450982,9.294098,30.882324,0
1400804750784,2569891,2570446,151985202000001,11,0,335.0,1599.0,1.0,0.021568628,2,311.0,1451.8833,1.0,0.029411767,5.159546,18.595337,0
1400804750882,2569891,2570546,151985202000001,11,0,335.0,1599.0,1.0,0.021568628,2,307.6083,1442.6083,1.0,0.03137255,3.391693,9.275024,0
1400804750996,2569891,2570663,151985202000001,11,0,335.0,1599.0,1.0,0.021568628,2,302.70825,1431.7083,1.0,0.03137255,4.900055,10.900024,0
1400804751097,2569891,2570763,151985202000001,11,0,335.0,1599.0,1.0,0.021568628,2,296.0,1415.8625,1.0,0.03137255,6.708252,15.845703,0
1400804751199,2569891,2570863,151985202000001,11,0,335.0,1599.0,1.0,0.021568628,2,289.1581,1390.4742,1.0,0.03137255,6.8418884,25.388306,0
1400804751301,2569891,2570962,151985202000001,11,0,335.0,1599.0,1.0,0.021568628,2,279.7581,1365.5162,1.0,0.03137255,9.400024,24.958008,0
1400804751405,2569891,2571079,151985202000001,11,0,335.0,1599.0,1.0,0.021568628,2,261.09753,1322.1464,1.0,0.03137255,18.660553,43.369873,0
1400804751500,2569891,2571162,151985202000001,11,0,335.0,1599.0,1.0,0.021568628,2,259.0,1270.5669,1.0,0.03137255,2.0975342,51.579468,0
1400804751607,2569891,2571278,151985202000001,11,0,335.0,1599.0,1.0,0.021568628,2,238.48448,1200.969,1.0,0.03137255,20.515518,69.5979,0
1400804751705,2569891,2571326,151985202000001,11,0,335.0,1599.0,1.0,0.021568628,2,218.0,1181.0,1.0,0.03529412,20.484482,19.968994,0
1400804808319,2627942,2627993,151985202000002,12,0,104.0,670.0,1.0,0.033333335,2,121.90174,695.8596,1.0,0.03529412,-17.901741,-25.85962,0
1400804808437,2627942,2628109,151985202000002,12,0,104.0,670.0,1.0,0.033333335,2,168.35649,790.06946,1.0,0.033333335,-46.45475,-94.20984,0
1400804808538,2627942,2628209,151985202000002,12,0,104.0,670.0,1.0,0.033333335,2,189.38713,849.5485,1.0,0.033333335,-21.03064,-59.479065,0
1400804808637,2627942,2628309,151985202000002,12,0,104.0,670.0,1.0,0.033333335,2,197.0,899.6692,1.0,0.03137255,-7.6128693,-50.120667,0
1400804808727,2627942,2628392,151985202000002,12,0,104.0,670.0,1.0,0.033333335,2,199.40155,925.6062,1.0,0.03137255,-2.4015503,-25.937012,0
1400804808822,2627942,2628492,151985202000002,12,0,104.0,670.0,1.0,0.033333335,2,203.0,960.03876,1.0,0.03137255,-3.5984497,-34.432556,0
1400804808918,2627942,2628591,151985202000002,12,0,104.0,670.0,1.0,0.033333335,2,206.0,988.88257,1.0,0.03137255,-3.0,-28.843811,0
1400804809025,2627942,2628691,151985202000002,12,0,104.0,670.0,1.0,0.033333335,2,214.0,1028.9431,1.0,0.03137255,-8.0,-40.060547,0
1400804809113,2627942,2628774,151985202000002,12,0,104.0,670.0,1.0,0.033333335,2,215.0,1059.8759,1.0,0.03137255,-1.0,-30.93274,0
1400804809208,2627942,2628874,151985202000002,12,0,104.0,670.0,1.0,0.033333335,2,218.0,1099.9755,1.0,0.03137255,-3.0,-40.09961,0
1400804809305,2627942,2628974,151985202000002,12,0,104.0,670.0,1.0,0.033333335,2,222.41124,1136.4674,1.0,0.03137255,-4.4112396,-36.491943,0
1400804809394,2627942,2629057,151985202000002,12,0,104.0,670.0,1.0,0.033333335,2,230.0,1175.7684,1.0,0.03137255,-7.5887604,-39.301025,0
1400804809484,2627942,2629156,151985202000002,12,0,104.0,670.0,1.0,0.033333335,2,237.54074,1204.7036,1.0,0.03137255,-7.540741,-28.93518,0
1400804809580,2627942,2629239,151985202000002,12,0,104.0,670.0,1.0,0.033333335,2,245.26558,1252.0624,1.0,0.03137255,-7.7248383,-47.358765,0
1400804809680,2627942,2629339,151985202000002,12,0,104.0,670.0,1.0,0.033333335,2,254.54762,1283.7382,1.0,0.03137255,-9.282043,-31.675781,0
1400804809797,2627942,2629456,151985202000002,12,0,104.0,670.0,1.0,0.033333335,2,261.0,1343.2716,1.0,0.03137255,-6.4523773,-59.533447,0
1400804809889,2627942,2629555,151985202000002,12,0,104.0,670.0,1.0,0.033333335,2,261.0,1387.5769,1.0,0.03137255,0.0,-44.305298,0
1400804809998,2627942,2629672,151985202000002,12,0,104.0,670.0,1.0,0.033333335,2,262.0,1437.9435,1.0,0.029411767,-1.0,-50.366577,0
1400804810097,2627942,2629771,151985202000002,12,0,104.0,670.0,1.0,0.033333335,2,263.0,1459.5201,1.0,0.03137255,-1.0,-21.57666,0
1400804810210,2627942,2629871,151985202000002,12,0,104.0,670.0,1.0,0.033333335,2,263.0,1476.0876,1.0,0.029411767,0.0,-16.567505,0
1400804810313,2627942,2629988,151985202000002,12,0,104.0,670.0,1.0,0.033333335,2,263.0,1515.6388,1.0,0.029411767,0.0,-39.551147,0
1400804810423,2627942,2630087,151985202000002,12,0,104.0,670.0,1.0,0.033333335,2,258.68542,1534.6292,1.0,0.025490198,4.314575,-18.990356,0
1400804810505,2627942,2630096,151985202000002,12,0,104.0,670.0,1.0,0.033333335,2,257.0,1538.0,1.0,0.029411767,1.6854248,-3.3708496,0
1400804811036,2630572,2630702,151985202000002,13,0,107.0,732.0,1.0,0.025490198,2,120.0,801.2016,1.0,0.03137255,-13.0,-69.2016,0
1400804811158,2630572,2630819,151985202000002,13,0,107.0,732.0,1.0,0.025490198,2,120.0,850.9184,1.0,0.029411767,0.0,-49.716797,0
1400804811264,2630572,2630935,151985202000002,13,0,107.0,732.0,1.0,0.025490198,2,122.0,885.21704,1.0,0.029411767,-2.0,-34.298645,0
1400804811368,2630572,2631035,151985202000002,13,0,107.0,732.0,1.0,0.025490198,2,124.0,912.1623,1.0,0.029411767,-2.0,-26.945251,0
1400804811509,2630572,2631168,151985202000002,13,0,107.0,732.0,1.0,0.025490198,2,124.0,928.93384,1.0,0.029411767,0.0,-16.771545,0
1400804811629,2630572,2631301,151985202000002,13,0,107.0,732.0,1.0,0.025490198,2,124.0,941.83765,1.0,0.029411767,0.0,-12.903809,0
1400804811739,2630572,2631401,151985202000002,13,0,107.0,732.0,1.0,0.025490198,2,124.0,958.2229,1.0,0.029411767,0.0,-16.385254,0
1400804811844,2630572,2631517,151985202000002,13,0,107.0,732.0,1.0,0.025490198,2,124.0,976.8788,1.0,0.029411767,0.0,-18.655884,0
1400804811951,2630572,2631617,151985202000002,13,0,107.0,732.0,1.0,0.025490198,2,124.0,988.2189,1.0,0.029411767,0.0,-11.340088,0
1400804812082,2630572,2631750,151985202000002,13,0,107.0,732.0,1.0,0.025490198,2,124.0,1006.19214,1.0,0.029411767,0.0,-17.973267,0
1400804812197,2630572,2631866,151985202000002,13,0,107.0,732.0,1.0,0.025490198,2,124.0,1025.4142,1.0,0.029411767,0.0,-19.222046,0
1400804812316,2630572,2631982,151985202000002,13,0,107.0,732.0,1.0,0.025490198,2,124.0,1039.2405,1.0,0.029411767,0.0,-13.826294,0
1400804812445,2630572,2632115,151985202000002,13,0,107.0,732.0,1.0,0.025490198,2,124.0,1052.6185,1.0,0.029411767,0.0,-13.378052,0
1400804812563,2630572,2632232,151985202000002,13,0,107.0,732.0,1.0,0.025490198,2,124.0,1063.45,1.0,0.029411767,0.0,-10.831421,0
1400804812689,2630572,2632348,151985202000002,13,0,107.0,732.0,1.0,0.025490198,2,124.0,1081.9034,1.0,0.029411767,0.0,-18.453491,0
1400804812810,2630572,2632481,151985202000002,13,0,107.0,732.0,1.0,0.025490198,2,126.654,1115.27,1.0,0.029411767,-2.6539993,-33.366577,0
1400804812931,2630572,2632597,151985202000002,13,0,107.0,732.0,1.0,0.025490198,2,136.47949,1171.918,1.0,0.029411767,-9.825493,-56.64795,0
1400804813060,2630572,2632730,151985202000002,13,0,107.0,732.0,1.0,0.025490198,2,143.0,1196.8617,1.0,0.029411767,-6.520508,-24.943726,0
1400804813177,2630572,2632847,151985202000002,13,0,107.0,732.0,1.0,0.025490198,2,148.0,1214.3701,1.0,0.029411767,-5.0,-17.508423,0
1400804813303,2630572,2632963,151985202000002,13,0,107.0,732.0,1.0,0.025490198,2,157.17886,1241.7155,1.0,0.029411767,-9.178864,-27.345337,0
1400804813415,2630572,2633079,151985202000002,13,0,107.0,732.0,1.0,0.025490198,2,168.33377,1270.6675,1.0,0.029411767,-11.154907,-28.952026,0
1400804813529,2630572,2633196,151985202000002,13,0,107.0,732.0,1.0,0.025490198,2,175.0,1292.3278,1.0,0.029411767,-6.6662292,-21.660278,0
1400804813655,2630572,2633329,151985202000002,13,0,107.0,732.0,1.0,0.025490198,2,177.54422,1310.5442,1.0,0.029411767,-2.54422,-18.21643,0
1400804813770,2630572,2633428,151985202000002,13,0,107.0,732.0,1.0,0.025490198,2,179.81732,1324.6346,1.0,0.027450982,-2.2731018,-14.090454,0
1400804813889,2630572,2633561,151985202000002,13,0,107.0,732.0,1.0,0.025490198,2,184.18915,1348.3783,1.0,0.025490198,-4.371826,-23.743652,0
1400804813993,2630572,2633656,151985202000002,13,0,107.0,732.0,1.0,0.025490198,2,176.0,1376.0,1.0,0.025490198,8.189148,-27.621704,0
1400804815034,2634626,2634708,151985202000002,14,0,71.0,796.0,1.0,0.025490198,2,72.0,825.3152,1.0,0.027450982,-1.0,-29.315186,0
1400804815161,2634626,2634825,151985202000002,14,0,71.0,796.0,1.0,0.025490198,2,72.0,861.72864,1.0,0.027450982,0.0,-36.413452,0
1400804815276,2634626,2634941,151985202000002,14,0,71.0,796.0,1.0,0.025490198,2,72.0,892.46783,1.0,0.027450982,0.0,-30.739197,0
1400804815393,2634626,2635057,151985202000002,14,0,71.0,796.0,1.0,0.025490198,2,72.0,906.55676,1.0,0.027450982,0.0,-14.088928,0
1400804815521,2634626,2635190,151985202000002,14,0,71.0,796.0,1.0,0.025490198,2,72.0,917.0,1.0,0.027450982,0.0,-10.443237,0
1400804815636,2634626,2635307,151985202000002,14,0,71.0,796.0,1.0,0.025490198,2,72.0,922.7605,1.0,0.027450982,0.0,-5.760498,0
1400804815760,2634626,2635423,151985202000002,14,0,71.0,796.0,1.0,0.025490198,2,75.104774,930.1048,1.0,0.027450982,-3.1047745,-7.3442993,0
1400804815914,2634626,2635573,151985202000002,14,0,71.0,796.0,1.0,0.025490198,2,86.50979,949.0196,1.0,0.027450982,-11.405014,-18.914795,0
1400804816046,2634626,2635706,151985202000002,14,0,71.0,796.0,1.0,0.025490198,2,95.0,968.8692,1.0,0.027450982,-8.4902115,-19.84961,0
1400804816172,2634626,2635839,151985202000002,14,0,71.0,796.0,1.0,0.025490198,2,95.0,980.2433,1.0,0.027450982,0.0,-11.374084,0
1400804816271,2634626,2635933,151985202000002,14,0,71.0,796.0,1.0,0.025490198,2,84.0,984.0,1.0,0.023529414,11.0,-3.7567139,0
1400804817976,2637565,2637650,151985202000002,15,0,17.0,435.0,1.0,0.025490198,2,32.491013,460.49103,1.0,0.033333335,-15.491013,-25.491028,0
1400804818114,2637565,2637784,151985202000002,15,0,17.0,435.0,1.0,0.025490198,2,78.3562,565.781,1.0,0.03137255,-45.86519,-105.28998,0
1400804818248,2637565,2637917,151985202000002,15,0,17.0,435.0,1.0,0.025490198,2,82.0,618.91486,1.0,0.033333335,-3.6437988,-53.13385,0
1400804818372,2637565,2638033,151985202000002,15,0,17.0,435.0,1.0,0.025490198,2,82.0,645.0929,1.0,0.03137255,0.0,-26.17804,0
1400804818508,2637565,2638182,151985202000002,15,0,17.0,435.0,1.0,0.025490198,2,82.0,666.9069,1.0,0.033333335,0.0,-21.814026,0
1400804818641,2637565,2638315,151985202000002,15,0,17.0,435.0,1.0,0.025490198,2,81.0,685.673,1.0,0.033333335,1.0,-18.766052,0
1400804818774,2637565,2638448,151985202000002,15,0,17.0,435.0,1.0,0.025490198,2,80.0,698.21924,1.0,0.03137255,1.0,-12.546265,0
1400804818921,2637565,2638581,151985202000002,15,0,17.0,435.0,1.0,0.025490198,2,80.0,710.29736,1.0,0.03137255,0.0,-12.078125,0
1400804819054,2637565,2638714,151985202000002,15,0,17.0,435.0,1.0,0.025490198,2,80.0,727.9238,1.0,0.033333335,0.0,-17.626465,0
1400804819192,2637565,2638864,151985202000002,15,0,17.0,435.0,1.0,0.025490198,2,80.0,742.88385,1.0,0.033333335,0.0,-14.960022,0
1400804819316,2637565,2638980,151985202000002,15,0,17.0,435.0,1.0,0.025490198,2,81.0,762.4075,1.0,0.03137255,-1.0,-19.52362,0
1400804819445,2637565,2639113,151985202000002,15,0,17.0,435.0,1.0,0.025490198,2,81.0,782.16595,1.0,0.03137255,0.0,-19.758484,0
1400804819580,2637565,2639246,151985202000002,15,0,17.0,435.0,1.0,0.025490198,2,85.45659,806.9132,1.0,0.033333335,-4.4565887,-24.747253,0
1400804819723,2637565,2639396,151985202000002,15,0,17.0,435.0,1.0,0.025490198,2,89.381424,830.3814,1.0,0.033333335,-3.9248352,-23.4682,0
1400804819860,2637565,2639529,151985202000002,15,0,17.0,435.0,1.0,0.025490198,2,90.0,847.50134,1.0,0.03137255,-0.61857605,-17.119934,0
1400804819995,2637565,2639662,151985202000002,15,0,17.0,435.0,1.0,0.025490198,2,91.0,866.1136,1.0,0.033333335,-1.0,-18.612244,0
1400804820140,2637565,2639812,151985202000002,15,0,17.0,435.0,1.0,0.025490198,2,93.0,886.04663,1.0,0.033333335,-2.0,-19.933044,0
1400804820272,2637565,2639944,151985202000002,15,0,17.0,435.0,1.0,0.025490198,2,96.0,902.41003,1.0,0.03137255,-3.0,-16.363403,0
1400804820415,2637565,2640077,151985202000002,15,0,17.0,435.0,1.0,0.025490198,2,97.0,913.3724,1.0,0.03137255,-1.0,-10.962341,0
1400804820547,2637565,2640210,151985202000002,15,0,17.0,435.0,1.0,0.025490198,2,97.0,920.1648,1.0,0.03137255,0.0,-6.7924194,0
1400804820694,2637565,2640360,151985202000002,15,0,17.0,435.0,1.0,0.025490198,2,97.0,932.08936,1.0,0.03137255,0.0,-11.924561,0
1400804820825,2637565,2640493,151985202000002,15,0,17.0,435.0,1.0,0.025490198,2,94.54116,945.91766,1.0,0.03137255,2.4588394,-13.828308,0
1400804820974,2637565,2640643,151985202000002,15,0,17.0,435.0,1.0,0.025490198,2,93.0,970.1998,1.0,0.03137255,1.5411606,-24.282166,0
1400804821104,2637565,2640776,151985202000002,15,0,17.0,435.0,1.0,0.025490198,2,91.0,985.76074,1.0,0.03137255,2.0,-15.560913,0
1400804821235,2637565,2640909,151985202000002,15,0,17.0,435.0,1.0,0.025490198,2,88.0,1022.6457,1.0,0.03137255,3.0,-36.88495,0
1400804821377,2637565,2641042,151985202000002,15,0,17.0,435.0,1.0,0.025490198,2,87.0,1051.5054,1.0,0.03137255,1.0,-28.85968,0
1400804821508,2637565,2641174,151985202000002,15,0,17.0,435.0,1.0,0.025490198,2,87.0,1064.8818,1.0,0.03137255,0.0,-13.376465,0
1400804821654,2637565,2641324,151985202000002,15,0,17.0,435.0,1.0,0.025490198,2,87.0,1080.6127,1.0,0.029411767,0.0,-15.730835,0
1400804821780,2637565,2641440,151985202000002,15,0,17.0,435.0,1.0,0.025490198,2,87.0,1093.6223,1.0,0.029411767,0.0,-13.009644,0
1400804821918,2637565,2641590,151985202000002,15,0,17.0,435.0,1.0,0.025490198,2,86.11348,1104.0,1.0,0.03137255,0.8865204,-10.377686,0
1400804822051,2637565,2641723,151985202000002,15,0,17.0,435.0,1.0,0.025490198,2,83.0,1106.0,1.0,0.03137255,3.1134796,-2.0,0
1400804822218,2637565,2641889,151985202000002,15,0,17.0,435.0,1.0,0.025490198,2,75.599655,1148.8007,1.0,0.027450982,7.400345,-42.80066,0
1400804822346,2637565,2641960,151985202000002,15,0,17.0,435.0,1.0,0.025490198,2,70.0,1161.0,1.0,0.029411767,5.599655,-12.199341,0
1400804826419,2645943,2646094,151985202000002,16,0,76.0,1425.0,1.0,0.023529414,2,80.41921,1396.7423,1.0,0.027450982,-4.4192123,28.25769,0
1400804826576,2645943,2646244,151985202000002,16,0,76.0,1425.0,1.0,0.023529414,2,85.498146,1354.0037,1.0,0.029411767,-5.0789337,42.738647,0
1400804826714,2645943,2646377,151985202000002,16,0,76.0,1425.0,1.0,0.023529414,2,86.0,1336.1407,1.0,0.029411767,-0.50185394,17.862915,0
1400804826843,2645943,2646510,151985202000002,16,0,76.0,1425.0,1.0,0.023529414,2,92.0,1307.547,1.0,0.029411767,-6.0,28.59375,0
1400804826971,2645943,2646643,151985202000002,16,0,76.0,1425.0,1.0,0.023529414,2,93.0,1282.814,1.0,0.029411767,-1.0,24.733032,0
1400804827101,2645943,2646776,151985202000002,16,0,76.0,1425.0,1.0,0.023529414,2,93.0,1265.0325,1.0,0.029411767,0.0,17.781494,0
1400804827232,2645943,2646892,151985202000002,16,0,76.0,1425.0,1.0,0.023529414,2,93.0,1250.2129,1.0,0.03137255,0.0,14.81958,0
1400804827360,2645943,2647025,151985202000002,16,0,76.0,1425.0,1.0,0.023529414,2,93.0,1227.6736,1.0,0.029411767,0.0,22.539307,0
1400804827487,2645943,2647158,151985202000002,16,0,76.0,1425.0,1.0,0.023529414,2,94.0,1205.461,1.0,0.029411767,-1.0,22.212524,0
1400804827614,2645943,2647275,151985202000002,16,0,76.0,1425.0,1.0,0.023529414,2,94.0,1187.2701,1.0,0.03137255,0.0,18.190918,0
1400804827750,2645943,2647424,151985202000002,16,0,76.0,1425.0,1.0,0.023529414,2,91.0,1144.8702,1.0,0.029411767,3.0,42.399902,0
1400804827886,2645943,2647557,151985202000002,16,0,76.0,1425.0,1.0,0.023529414,2,84.0,1092.0023,1.0,0.029411767,7.0,52.86792,0
1400804828022,2645943,2647690,151985202000002,16,0,76.0,1425.0,1.0,0.023529414,2,84.0,1054.8907,1.0,0.03137255,0.0,37.111572,0
1400804828152,2645943,2647823,151985202000002,16,0,76.0,1425.0,1.0,0.023529414,2,82.0,1016.7621,1.0,0.029411767,2.0,38.128662,0
1400804828282,2645943,2647956,151985202000002,16,0,76.0,1425.0,1.0,0.023529414,2,81.0,970.8513,1.0,0.03137255,1.0,45.910767,0
1400804828408,2645943,2648073,151985202000002,16,0,76.0,1425.0,1.0,0.023529414,2,80.0,946.3893,1.0,0.029411767,1.0,24.462036,0
1400804828540,2645943,2648206,151985202000002,16,0,76.0,1425.0,1.0,0.023529414,2,78.01463,934.01465,1.0,0.029411767,1.9853668,12.374634,0
1400804828673,2645943,2648339,151985202000002,16,0,76.0,1425.0,1.0,0.023529414,2,72.638504,924.6385,1.0,0.029411767,5.376129,9.37616,0
1400804828794,2645943,2648416,151985202000002,16,0,76.0,1425.0,1.0,0.023529414,2,55.0,918.0,1.0,0.029411767,17.638504,6.638489,0
1400804834550,2654162,2654223,151985202000002,17,0,73.0,1652.0,1.0,0.023529414,2,77.13461,1627.4615,1.0,0.027450982,-4.134613,24.538452,0
1400804834565,2654162,2654239,151985202000002,17,0,73.0,1652.0,1.0,0.023529414,2,80.13782,1615.4487,1.0,0.027450982,-3.0032043,12.012817,0
1400804834714,2654162,2654373,151985202000002,17,0,73.0,1652.0,1.0,0.023529414,2,94.68502,1511.8348,1.0,0.029411767,-14.547203,103.61389,0
1400804834868,2654162,2654539,151985202000002,17,0,73.0,1652.0,1.0,0.023529414,2,96.0,1443.5453,1.0,0.029411767,-1.3149796,68.28955,0
1400804834990,2654162,2654655,151985202000002,17,0,73.0,1652.0,1.0,0.023529414,2,95.0,1418.067,1.0,0.029411767,1.0,25.478271,0
1400804835111,2654162,2654771,151985202000002,17,0,73.0,1652.0,1.0,0.023529414,2,93.0,1395.9355,1.0,0.03137255,2.0,22.13147,0
1400804835227,2654162,2654888,151985202000002,17,0,73.0,1652.0,1.0,0.023529414,2,91.0,1369.7657,1.0,0.03137255,2.0,26.1698,0
1400804835340,2654162,2655004,151985202000002,17,0,73.0,1652.0,1.0,0.023529414,2,89.0,1357.5499,1.0,0.029411767,2.0,12.21582,0
1400804835435,2654162,2655096,151985202000002,17,0,73.0,1652.0,1.0,0.023529414,2,81.0,1350.0,1.0,0.027450982,8.0,7.5499268,0
1400804850954,2670523,2670627,151985203000001,18,0,135.0,1568.0,1.0,0.027450982,2,134.0,1532.3253,1.0,0.033333335,1.0,35.674683,0
1400804851107,2670523,2670777,151985203000001,18,0,135.0,1568.0,1.0,0.027450982,2,129.84381,1452.3752,1.0,0.037254903,4.156189,79.95007,0
1400804851242,2670523,2670910,151985203000001,18,0,135.0,1568.0,1.0,0.027450982,2,127.0,1403.4622,1.0,0.037254903,2.843811,48.913086,0
1400804851368,2670523,2671028,151985203000001,18,0,135.0,1568.0,1.0,0.027450982,2,127.0,1373.1273,1.0,0.037254903,0.0,30.334839,0
1400804851492,2670523,2671161,151985203000001,18,0,135.0,1568.0,1.0,0.027450982,2,127.0,1355.1877,1.0,0.03529412,0.0,17.939575,0
1400804851616,2670523,2671277,151985203000001,18,0,135.0,1568.0,1.0,0.027450982,2,127.0,1350.8188,1.0,0.037254903,0.0,4.3688965,0
1400804851738,2670523,2671410,151985203000001,18,0,135.0,1568.0,1.0,0.027450982,2,129.0,1357.0,1.0,0.037254903,-2.0,-6.1811523,0
1400804851863,2670523,2671526,151985203000001,18,0,135.0,1568.0,1.0,0.027450982,2,125.15231,1352.0,1.0,0.037254903,3.8476868,5.0,0
1400804851983,2670523,2671643,151985203000001,18,0,135.0,1568.0,1.0,0.027450982,2,111.24394,1345.0,1.0,0.03529412,13.908371,7.0,0
1400804852098,2670523,2671657,151985203000001,18,0,135.0,1568.0,1.0,0.027450982,2,103.0,1345.0,1.0,0.033333335,8.243942,0.0,0
1400804871387,2690866,2691059,151985203000001,19,0,180.0,1528.0,1.0,0.021568628,2,180.0,1497.9949,1.0,0.029411767,0.0,30.005127,0
1400804871401,2690866,2691076,151985203000001,19,0,180.0,1528.0,1.0,0.021568628,2,180.0,1493.6385,1.0,0.029411767,0.0,4.3563232,0
1400804871554,2690866,2691226,151985203000001,19,0,180.0,1528.0,1.0,0.021568628,2,167.92471,1449.7742,1.0,0.033333335,12.075287,43.86438,0
1400804871672,2690866,2691344,151985203000001,19,0,180.0,1528.0,1.0,0.021568628,2,160.0,1428.0045,1.0,0.033333335,7.924713,21.769653,0
1400804871820,2690866,2691494,151985203000001,19,0,180.0,1528.0,1.0,0.021568628,2,158.0,1411.0687,1.0,0.033333335,2.0,16.935791,0
1400804871951,2690866,2691622,151985203000001,19,0,180.0,1528.0,1.0,0.021568628,2,158.0,1395.1398,1.0,0.033333335,0.0,15.928955,0
1400804872085,2690866,2691755,151985203000001,19,0,180.0,1528.0,1.0,0.021568628,2,157.0,1378.388,1.0,0.033333335,1.0,16.751831,0
1400804872213,2690866,2691872,151985203000001,19,0,180.0,1528.0,1.0,0.021568628,2,154.8763,1357.8763,1.0,0.033333335,2.123703,20.511597,0
1400804872349,2690866,2692021,151985203000001,19,0,180.0,1528.0,1.0,0.021568628,2,151.0,1332.9069,1.0,0.033333335,3.876297,24.969482,0
1400804872480,2690866,2692154,151985203000001,19,0,180.0,1528.0,1.0,0.021568628,2,151.0,1310.1575,1.0,0.033333335,0.0,22.74939,0
1400804872610,2690866,2692271,151985203000001,19,0,180.0,1528.0,1.0,0.021568628,2,151.0,1290.5074,1.0,0.033333335,0.0,19.650024,0
1400804872751,2690866,2692420,151985203000001,19,0,180.0,1528.0,1.0,0.021568628,2,151.16924,1260.3231,1.0,0.033333335,-0.16923523,30.184326,0
1400804872880,2690866,2692553,151985203000001,19,0,180.0,1528.0,1.0,0.021568628,2,153.0,1218.9164,1.0,0.033333335,-1.8307648,41.40674,0
1400804873013,2690866,2692686,151985203000001,19,0,180.0,1528.0,1.0,0.021568628,2,153.0,1198.0826,1.0,0.033333335,0.0,20.83374,0
1400804873150,2690866,2692819,151985203000001,19,0,180.0,1528.0,1.0,0.021568628,2,153.0,1179.4069,1.0,0.033333335,0.0,18.675781,0
1400804873291,2690866,2692952,151985203000001,19,0,180.0,1528.0,1.0,0.021568628,2,149.3303,1161.3303,1.0,0.033333335,3.669693,18.076538,0
1400804873422,2690866,2693085,151985203000001,19,0,180.0,1528.0,1.0,0.021568628,2,146.0,1147.9641,1.0,0.033333335,3.330307,13.366211,0
1400804873557,2690866,2693218,151985203000001,19,0,180.0,1528.0,1.0,0.021568628,2,141.58528,1135.5853,1.0,0.033333335,4.4147186,12.378784,0
1400804873688,2690866,2693351,151985203000001,19,0,180.0,1528.0,1.0,0.021568628,2,135.0,1123.2081,1.0,0.033333335,6.5852814,12.377197,0
1400804873813,2690866,2693484,151985203000001,19,0,180.0,1528.0,1.0,0.021568628,2,128.0,1105.671,1.0,0.033333335,7.0,17.53711,0
1400804873941,2690866,2693600,151985203000001,19,0,180.0,1528.0,1.0,0.021568628,2,123.01341,1081.0269,1.0,0.03137255,4.9865875,24.644165,0
1400804874072,2690866,2693733,151985203000001,19,0,180.0,1528.0,1.0,0.021568628,2,112.634674,1058.6346,1.0,0.033333335,10.378738,22.392212,0
1400804874208,2690866,2693883,151985203000001,19,0,180.0,1528.0,1.0,0.021568628,2,105.0,1038.6964,1.0,0.033333335,7.634674,19.938232,0
1400804874341,2690866,2693999,151985203000001,19,0,180.0,1528.0,1.0,0.021568628,2,102.0,1026.8771,1.0,0.033333335,3.0,11.819336,0
1400804874470,2690866,2694132,151985203000001,19,0,180.0,1528.0,1.0,0.021568628,2,99.0,1014.5054,1.0,0.033333335,3.0,12.371704,0
1400804874600,2690866,2694265,151985203000001,19,0,180.0,1528.0,1.0,0.021568628,2,93.12638,1010.1264,1.0,0.033333335,5.873619,4.3789673,0
1400804874729,2690866,2694398,151985203000001,19,0,180.0,1528.0,1.0,0.021568628,2,91.0,1002.7551,1.0,0.033333335,2.126381,7.371277,0
1400804874854,2690866,2694515,151985203000001,19,0,180.0,1528.0,1.0,0.021568628,2,91.0,990.8531,1.0,0.03137255,0.0,11.902039,0
1400804874980,2690866,2694648,151985203000001,19,0,180.0,1528.0,1.0,0.021568628,2,94.0,929.7662,1.0,0.033333335,-3.0,61.086914,0
1400804875109,2690866,2694781,151985203000001,19,0,180.0,1528.0,1.0,0.021568628,2,94.0,882.3462,1.0,0.033333335,0.0,47.419983,0
1400804875239,2690866,2694914,151985203000001,19,0,180.0,1528.0,1.0,0.021568628,2,94.0,867.80005,1.0,0.033333335,0.0,14.546143,0
1400804875370,2690866,2695030,151985203000001,19,0,180.0,1528.0,1.0,0.021568628,2,94.0,857.0,1.0,0.033333335,0.0,10.800049,0
1400804875503,2690866,2695163,151985203000001,19,0,180.0,1528.0,1.0,0.021568628,2,93.298965,856.0,1.0,0.033333335,0.70103455,1.0,0
1400804875637,2690866,2695296,151985203000001,19,0,180.0,1528.0,1.0,0.021568628,2,85.2202,853.0,1.0,0.033333335,8.078766,3.0,0
1400804875764,2690866,2695373,151985203000001,19,0,180.0,1528.0,1.0,0.021568628,2,68.0,857.0,1.0,0.03137255,17.2202,-4.0,0
1400804909297,2728861,2728972,151985203000001,20,0,214.0,1646.0,1.0,0.023529414,2,215.6374,1616.9008,1.0,0.029411767,-1.6374054,29.099243,0
1400804909454,2728861,2729122,151985203000001,20,0,214.0,1646.0,1.0,0.023529414,2,232.57767,1549.267,1.0,0.03137255,-16.940262,67.63379,0
1400804909587,2728861,2729255,151985203000001,20,0,214.0,1646.0,1.0,0.023529414,2,233.0,1507.7384,1.0,0.03137255,-0.42233276,41.528564,0
1400804909725,2728861,2729388,151985203000001,20,0,214.0,1646.0,1.0,0.023529414,2,226.0,1483.5459,1.0,0.033333335,7.0,24.192505,0
1400804909856,2728861,2729521,151985203000001,20,0,214.0,1646.0,1.0,0.023529414,2,223.0,1469.1708,1.0,0.033333335,3.0,14.375122,0
1400804909991,2728861,2729654,151985203000001,20,0,214.0,1646.0,1.0,0.023529414,2,220.79285,1450.5857,1.0,0.033333335,2.2071533,18.585083,0
1400804910135,2728861,2729804,151985203000001,20,0,214.0,1646.0,1.0,0.023529414,2,215.8731,1428.7462,1.0,0.033333335,4.919754,21.839478,0
1400804910272,2728861,2729937,151985203000001,20,0,214.0,1646.0,1.0,0.023529414,2,209.0,1412.5011,1.0,0.033333335,6.8730927,16.245117,0
1400804910415,2728861,2730086,151985203000001,20,0,214.0,1646.0,1.0,0.023529414,2,208.57901,1392.158,1.0,0.033333335,0.42099,20.34314,0
1400804910572,2728861,2730236,151985203000001,20,0,214.0,1646.0,1.0,0.023529414,2,203.0,1365.7367,1.0,0.03137255,5.57901,26.421265,0
1400804910705,2728861,2730369,151985203000001,20,0,214.0,1646.0,1.0,0.023529414,2,197.28258,1338.5652,1.0,0.03137255,5.7174225,27.171509,0
1400804910839,2728861,2730502,151985203000001,20,0,214.0,1646.0,1.0,0.023529414,2,182.90976,1296.639,1.0,0.03137255,14.372818,41.926147,0
1400804910977,2728861,2730651,151985203000001,20,0,214.0,1646.0,1.0,0.023529414,2,169.23727,1257.4745,1.0,0.03137255,13.672485,39.16455,0
1400804911098,2728861,2730767,151985203000001,20,0,214.0,1646.0,1.0,0.023529414,2,159.18945,1230.3789,1.0,0.03137255,10.047821,27.095581,0
1400804911236,2728861,2730900,151985203000001,20,0,214.0,1646.0,1.0,0.023529414,2,152.0,1212.8123,1.0,0.03137255,7.189453,17.56665,0
1400804911358,2728861,2731017,151985203000001,20,0,214.0,1646.0,1.0,0.023529414,2,148.97923,1198.9585,1.0,0.03137255,3.0207672,13.85376,0
1400804911477,2728861,2731150,151985203000001,20,0,214.0,1646.0,1.0,0.023529414,2,145.0,1177.1962,1.0,0.03137255,3.9792328,21.76233,0
1400804911596,2728861,2731266,151985203000001,20,0,214.0,1646.0,1.0,0.023529414,2,142.0,1157.254,1.0,0.03137255,3.0,19.942139,0
1400804911716,2728861,2731383,151985203000001,20,0,214.0,1646.0,1.0,0.023529414,2,136.94511,1134.9451,1.0,0.03137255,5.054886,22.30896,0
1400804911837,2728861,2731499,151985203000001,20,0,214.0,1646.0,1.0,0.023529414,2,132.0,1115.2275,1.0,0.03137255,4.945114,19.71753,0
1400804911957,2728861,2731632,151985203000001,20,0,214.0,1646.0,1.0,0.023529414,2,121.73721,1097.7372,1.0,0.03137255,10.262787,17.490356,0
1400804912060,2728861,2731693,151985203000001,20,0,214.0,1646.0,1.0,0.023529414,2,108.0,1097.0,1.0,0.03137255,13.737213,0.7371826,0
1400804913024,2732483,2732696,151985203000001,21,0,229.0,1637.0,1.0,0.027450982,2,229.0,1582.1638,1.0,0.03137255,0.0,54.83618,0
1400804913154,2732483,2732829,151985203000001,21,0,229.0,1637.0,1.0,0.027450982,2,225.0,1549.8369,1.0,0.03137255,4.0,32.326904,0
1400804913272,2732483,2732945,151985203000001,21,0,229.0,1637.0,1.0,0.027450982,2,223.0,1527.773,1.0,0.03137255,2.0,22.063965,0
1400804913389,2732483,2733061,151985203000001,21,0,229.0,1637.0,1.0,0.027450982,2,220.76636,1501.5327,1.0,0.03137255,2.2336426,26.240234,0
1400804913505,2732483,2733178,151985203000001,21,0,229.0,1637.0,1.0,0.027450982,2,216.94069,1473.822,1.0,0.03137255,3.8256683,27.710693,0
1400804913646,2732483,2733311,151985203000001,21,0,229.0,1637.0,1.0,0.027450982,2,209.55936,1447.1187,1.0,0.03137255,7.3813324,26.70337,0
1400804913748,2732483,2733415,151985203000001,21,0,229.0,1637.0,1.0,0.027450982,2,196.0,1427.0,1.0,0.03137255,13.559357,20.118652,0
1400804936573,2756088,2756248,151985203000001,22,0,142.0,1531.0,1.0,0.023529414,2,146.04878,1506.8536,1.0,0.027450982,-4.0487823,24.146362,0
1400804936591,2756088,2756264,151985203000001,22,0,142.0,1531.0,1.0,0.023529414,2,147.64377,1501.4249,1.0,0.027450982,-1.594986,5.428711,0
1400804936733,2756088,2756398,151985203000001,22,0,142.0,1531.0,1.0,0.023529414,2,149.0,1464.1359,1.0,0.03137255,-1.3562317,37.289063,0
1400804936850,2756088,2756514,151985203000001,22,0,142.0,1531.0,1.0,0.023529414,2,150.0,1440.7244,1.0,0.03137255,-1.0,23.411499,0
1400804936968,2756088,2756631,151985203000001,22,0,142.0,1531.0,1.0,0.023529414,2,150.0,1411.6863,1.0,0.03137255,0.0,29.038086,0
1400804937082,2756088,2756748,151985203000001,22,0,142.0,1531.0,1.0,0.023529414,2,148.09758,1354.4879,1.0,0.03137255,1.90242,57.198364,0
1400804937199,2756088,2756864,151985203000001,22,0,142.0,1531.0,1.0,0.023529414,2,146.0,1316.8031,1.0,0.03137255,2.09758,37.684814,0
1400804937315,2756088,2756981,151985203000001,22,0,142.0,1531.0,1.0,0.023529414,2,143.0,1289.8844,1.0,0.03137255,3.0,26.918701,0
1400804937439,2756088,2757114,151985203000001,22,0,142.0,1531.0,1.0,0.023529414,2,136.06606,1247.2642,1.0,0.03137255,6.9339447,42.62024,0
1400804937557,2756088,2757230,151985203000001,22,0,142.0,1531.0,1.0,0.023529414,2,130.24463,1208.4893,1.0,0.03137255,5.8214264,38.774902,0
1400804937678,2756088,2757346,151985203000001,22,0,142.0,1531.0,1.0,0.023529414,2,124.0,1191.4172,1.0,0.03137255,6.244629,17.072021,0
1400804937799,2756088,2757463,151985203000001,22,0,142.0,1531.0,1.0,0.023529414,2,119.0,1173.1715,1.0,0.03137255,5.0,18.245728,0
1400804937920,2756088,2757579,151985203000001,22,0,142.0,1531.0,1.0,0.023529414,2,114.0,1153.522,1.0,0.03137255,5.0,19.649536,0
1400804938043,2756088,2757712,151985203000001,22,0,142.0,1531.0,1.0,0.023529414,2,109.0,1127.7657,1.0,0.03137255,5.0,25.756226,0
1400804938170,2756088,2757828,151985203000001,22,0,142.0,1531.0,1.0,0.023529414,2,104.554306,1106.1086,1.0,0.03137255,4.445694,21.657104,0
1400804938286,2756088,2757945,151985203000001,22,0,142.0,1531.0,1.0,0.023529414,2,100.0,1083.4612,1.0,0.03137255,4.554306,22.64746,0
1400804938404,2756088,2758078,151985203000001,22,0,142.0,1531.0,1.0,0.023529414,2,96.35258,1064.3525,1.0,0.03137255,3.6474228,19.108643,0
1400804938522,2756088,2758194,151985203000001,22,0,142.0,1531.0,1.0,0.023529414,2,82.0,1053.5082,1.0,0.029411767,14.352577,10.84436,0
1400804938633,2756088,2758199,151985203000001,22,0,142.0,1531.0,1.0,0.023529414,2,82.0,1052.0,1.0,0.03137255,0.0,1.5081787,0
1400804954760,2774294,2774434,151985203000001,23,0,268.0,1561.0,1.0,0.025490198,2,272.0,1533.5074,1.0,0.03137255,-4.0,27.492554,0
1400804954890,2774294,2774551,151985203000001,23,0,268.0,1561.0,1.0,0.025490198,2,270.0,1500.0231,1.0,0.033333335,2.0,33.484375,0
1400804955011,2774294,2774684,151985203000001,23,0,268.0,1561.0,1.0,0.025490198,2,261.29416,1469.8824,1.0,0.033333335,8.705841,30.140625,0
1400804955128,2774294,2774800,151985203000001,23,0,268.0,1561.0,1.0,0.025490198,2,259.0,1445.9368,1.0,0.033333335,2.294159,23.945679,0
1400804955245,2774294,2774916,151985203000001,23,0,268.0,1561.0,1.0,0.025490198,2,256.69907,1423.3981,1.0,0.033333335,2.3009338,22.538696,0
1400804955362,2774294,2775032,151985203000001,23,0,268.0,1561.0,1.0,0.025490198,2,251.0,1399.7516,1.0,0.033333335,5.699066,23.646484,0
1400804955486,2774294,2775148,151985203000001,23,0,268.0,1561.0,1.0,0.025490198,2,240.08891,1377.0889,1.0,0.033333335,10.911087,22.66272,0
1400804955589,2774294,2775202,151985203000001,23,0,268.0,1561.0,1.0,0.025490198,2,210.0,1361.0,1.0,0.029411767,30.088913,16.088867,0
1400805009663,2829270,2829336,151985203000002,24,0,122.0,891.0,1.0,0.027450982,2,131.57329,923.1596,1.0,0.03137255,-9.573288,-32.159607,0
1400805009803,2829270,2829470,151985203000002,24,0,122.0,891.0,1.0,0.027450982,2,131.92813,1049.6469,1.0,0.027450982,-0.35484314,-126.48724,0
1400805009946,2829270,2829619,151985203000002,24,0,122.0,891.0,1.0,0.027450982,2,118.00304,1114.9878,1.0,0.027450982,13.925095,-65.34094,0
1400805010064,2829270,2829735,151985203000002,24,0,122.0,891.0,1.0,0.027450982,2,115.190834,1135.8092,1.0,0.027450982,2.8122025,-20.821411,0
1400805010190,2829270,2829852,151985203000002,24,0,122.0,891.0,1.0,0.027450982,2,84.17013,1160.4681,1.0,0.025490198,31.020706,-24.658936,0
1400805010303,2829270,2829888,151985203000002,24,0,122.0,891.0,1.0,0.027450982,2,65.0,1187.0,1.0,0.023529414,19.170128,-26.53186,0
1400805011015,2830497,2830683,151985203000002,25,0,87.0,902.0,1.0,0.023529414,2,84.0,988.96484,1.0,0.025490198,3.0,-86.96484,0
1400805011141,2830497,2830816,151985203000002,25,0,87.0,902.0,1.0,0.023529414,2,83.0,1058.4172,1.0,0.023529414,1.0,-69.45239,0
1400805011271,2830497,2830932,151985203000002,25,0,87.0,902.0,1.0,0.023529414,2,83.0,1091.8224,1.0,0.023529414,0.0,-33.40515,0
1400805011407,2830497,2831082,151985203000002,25,0,87.0,902.0,1.0,0.023529414,2,83.0,1121.6711,1.0,0.023529414,0.0,-29.848755,0
1400805011543,2830497,2831215,151985203000002,25,0,87.0,902.0,1.0,0.023529414,2,82.0,1143.4174,1.0,0.023529414,1.0,-21.746216,0
1400805011674,2830497,2831348,151985203000002,25,0,87.0,902.0,1.0,0.023529414,2,79.0,1165.7538,1.0,0.023529414,3.0,-22.336426,0
1400805011803,2830497,2831464,151985203000002,25,0,87.0,902.0,1.0,0.023529414,2,70.595505,1213.0225,1.0,0.023529414,8.404495,-47.268677,0
1400805011923,2830497,2831524,151985203000002,25,0,87.0,902.0,1.0,0.023529414,2,62.0,1266.0,1.0,0.023529414,8.595505,-52.97754,0
1400805013025,2832570,2832694,151985203000002,26,0,68.0,927.0,1.0,0.021568628,2,84.94327,1055.376,1.0,0.023529414,-16.943268,-128.37598,0
1400805013163,2832570,2832827,151985203000002,26,0,68.0,927.0,1.0,0.021568628,2,88.0,1132.0237,1.0,0.023529414,-3.0567322,-76.647705,0
1400805013296,2832570,2832960,151985203000002,26,0,68.0,927.0,1.0,0.021568628,2,86.0,1157.7151,1.0,0.023529414,2.0,-25.691406,0
1400805013426,2832570,2833093,151985203000002,26,0,68.0,927.0,1.0,0.021568628,2,78.90968,1165.0903,1.0,0.023529414,7.090317,-7.375244,0
1400805013563,2832570,2833113,151985203000002,26,0,68.0,927.0,1.0,0.021568628,2,77.0,1166.0,1.0,0.023529414,1.9096832,-0.90966797,0
